<?xml version="1.0" encoding="UTF-8"?>
<project-private xmlns="http://www.netbeans.org/ns/project-private/1">
    <editor-bookmarks xmlns="http://www.netbeans.org/ns/editor-bookmarks/2" lastBookmarkId="0"/>
    <open-files xmlns="http://www.netbeans.org/ns/projectui-open-files/2">
        <group>
            <file>file:/C:/Users/LENOVO/Documents/NetBeansProjects/Pertemuan14/src/pertemuan12/InsertDatasiswa.java</file>
            <file>file:/C:/Users/LENOVO/Documents/NetBeansProjects/Pertemuan14/src/pertemuan13/Pw.java</file>
            <file>file:/C:/Users/LENOVO/Documents/NetBeansProjects/Pertemuan14/src/pertemuan13/Register.java</file>
            <file>file:/C:/Users/LENOVO/Documents/NetBeansProjects/Pertemuan14/src/pertemuan13/Password.java</file>
            <file>file:/C:/Users/LENOVO/Documents/NetBeansProjects/Pertemuan14/src/pertemuan12/KontainerData.java</file>
            <file>file:/C:/Users/LENOVO/Documents/NetBeansProjects/Pertemuan14/src/pertemuan13/Login.java</file>
        </group>
    </open-files>
</project-private>
